qc_id,name,brand,icon_url
"0",Sonacop,Sonacop,./0.png
"1",,Sonacop,./0.png
"2",,Sonacop,./0.png
"3",Station essence SONACOP,Sonacop,./0.png
"4",Station Sonacop,Sonacop,./0.png
"5",,Sonacop,./0.png
"6",,Sonacop,./0.png
"7",,Sonacop,./0.png
"8",Sonacop,Sonacop,./0.png
"9",Sonacop,Sonacop,./0.png
"10",Station Château d'Eau Sonacop,Sonacop,./0.png
"11",Station Sonacop,Sonacop,./0.png
"12",Sonacop,Sonacop,./0.png
"13",Sonacop,Sonacop,./0.png
"14",Sonacop,Sonacop,./0.png
"15",Sonacop,Sonacop,./0.png
"16",Sonacop,Sonacop,./0.png
"17",station sonacope,Sonacop,./0.png
"18",Sonacop,Sonacop,./0.png
"19",Sonacop,Sonacop,./0.png
"20",Sonacop,Sonacop,./0.png
"21",Sonacap fuel station,Sonacop,./0.png
"22",Station Sonacop de Gbégamey,Sonacop,./0.png
"23",Sonacop,Sonacop,./0.png
"24",,Sonacop,./0.png
